Run,Bases,population,Super_Population_Code,HapMap_sample_ID,BAM
ERR243845,241364400,CEU,EUR,NA07056,ftp://ftp.sra.ebi.ac.uk/vol1/run/ERR243/ERR243845/9378_4%231.bam
ERR242793,245269400,TSI,EUR,NA20539,
ERR243530,250603000,CEU,EUR,NA07056,
ERR240300,251891600,JPT,EAS,NA18949,
ERR242237,255006400,TSI,EUR,NA20539,
ERR243095,259733600,CEU,EUR,NA07056,
ERR239754,261617400,LWK,AFR,NA19437,
ERR240075,262406800,JPT,EAS,NA18949,
ERR243859,263207200,CEU,EUR,NA12749,
ERR243846,264251200,CEU,EUR,NA11893,
ERR244778,264258000,TSI,EUR,NA20798,
ERR240777,265927200,TSI,EUR,NA20539,
ERR239756,269159400,LWK,AFR,NA19446,
ERR244970,272349600,CEU,EUR,NA07056,
ERR239709,272686800,LWK,AFR,NA19437,
ERR244907,272823800,CEU,EUR,NA07056,
ERR244949,273195400,CEU,EUR,NA07056,
ERR244865,273625600,CEU,EUR,NA07056,
ERR244886,274101600,CEU,EUR,NA07056,
ERR243544,274405600,CEU,EUR,NA12749,
ERR244928,274521400,CEU,EUR,NA07056,
ERR244826,275211800,CEU,EUR,NA07056,
ERR243782,275248000,CEU,EUR,NA07056,
ERR242245,275377200,TSI,EUR,NA20798,
ERR243531,275389800,CEU,EUR,NA11893,
ERR242806,275789600,TSI,EUR,NA20510,
ERR244847,275798400,CEU,EUR,NA07056,
ERR243124,276220400,CEU,EUR,NA07056,
ERR239775,276304800,JPT,EAS,NA18949,
ERR243145,276407200,CEU,EUR,NA07056,
ERR243166,276487400,CEU,EUR,NA07056,
ERR243271,276872200,CEU,EUR,NA07056,
ERR244779,276967200,TSI,EUR,NA20803,
ERR243803,277198400,CEU,EUR,NA07056,
ERR243250,277730200,CEU,EUR,NA07056,
ERR243208,277890800,CEU,EUR,NA07056,
ERR243187,278004800,CEU,EUR,NA07056,
ERR243824,278005400,CEU,EUR,NA07056,
ERR244701,278506200,TSI,EUR,NA20539,
ERR243866,278631200,CEU,EUR,NA07056,
ERR243908,278748800,CEU,EUR,NA07056,
ERR243929,278861600,CEU,EUR,NA07056,
ERR244661,279114400,TSI,EUR,NA20539,
ERR243887,279124400,CEU,EUR,NA07056,
ERR244581,279225600,TSI,EUR,NA20539,
ERR240291,279567600,JPT,EAS,NA18965,
ERR243229,279745600,CEU,EUR,NA07056,
ERR244541,279787200,TSI,EUR,NA20539,
ERR240304,279881200,JPT,EAS,NA18973,
ERR242677,280047600,TSI,EUR,NA20539,
ERR244501,280314600,TSI,EUR,NA20539,
ERR239711,280404200,LWK,AFR,NA19446,
ERR242716,281482200,TSI,EUR,NA20539,
ERR244421,281538000,TSI,EUR,NA20539,
ERR244621,281558600,TSI,EUR,NA20539,
ERR241169,282121800,TSI,EUR,NA20539,
ERR244461,282176800,TSI,EUR,NA20539,
ERR242754,282265800,TSI,EUR,NA20539,
ERR241209,282513200,TSI,EUR,NA20539,
ERR241449,283001200,TSI,EUR,NA20539,
ERR241249,283002800,TSI,EUR,NA20539,
ERR242906,283114600,TSI,EUR,NA20539,
ERR242831,283319400,TSI,EUR,NA20539,
ERR242869,283388000,TSI,EUR,NA20539,
ERR244793,283460000,TSI,EUR,NA20539,
ERR239649,283694600,LWK,AFR,NA19437,
ERR243488,284043000,CEU,EUR,NA07056,
ERR241329,284075800,TSI,EUR,NA20539,
ERR241289,284101200,TSI,EUR,NA20539,
ERR241409,284167200,TSI,EUR,NA20539,
ERR243593,284666600,CEU,EUR,NA07056,
ERR242794,284771200,TSI,EUR,NA20544,
ERR242814,285006000,TSI,EUR,NA20528,
ERR240301,285077200,JPT,EAS,NA18951,
ERR239755,285235600,LWK,AFR,NA19439,
ERR243614,285482400,CEU,EUR,NA07056,
ERR241369,285802200,TSI,EUR,NA20539,
ERR243109,286114600,CEU,EUR,NA12749,
ERR243551,286121000,CEU,EUR,NA07056,
ERR240785,286454000,TSI,EUR,NA20798,
ERR240292,286503000,JPT,EAS,NA18942,
ERR243509,286710800,CEU,EUR,NA07056,
ERR243096,286817000,CEU,EUR,NA11893,
ERR243572,286913800,CEU,EUR,NA07056,
ERR243858,286927800,CEU,EUR,NA12144,
ERR242252,287162600,TSI,EUR,NA20510,
ERR240507,287319800,CHB,EAS,NA18614,
ERR240299,287332400,JPT,EAS,NA18948,
ERR243467,288068000,CEU,EUR,NA07056,
ERR242246,288553800,TSI,EUR,NA20803,
ERR243865,288619400,CEU,EUR,NA12287,
ERR242798,289009600,TSI,EUR,NA20774,
ERR246086,289521600,JPT,EAS,NA18949,
ERR242157,289624200,TSI,EUR,NA20539,
ERR242357,290265200,TSI,EUR,NA20539,
ERR246075,290386200,JPT,EAS,NA18949,
ERR246049,290686400,JPT,EAS,NA18949,
ERR240066,290765600,JPT,EAS,NA18965,
ERR240506,290963600,CHB,EAS,NA18625,
ERR243425,290968000,CEU,EUR,NA07056,
ERR239651,291077200,LWK,AFR,NA19446,
ERR242397,291077400,TSI,EUR,NA20539,
ERR240255,291086400,JPT,EAS,NA18949,
ERR242786,291086600,TSI,EUR,NA20515,
ERR246026,291220200,JPT,EAS,NA18949,
ERR246038,291236600,JPT,EAS,NA18949,
ERR240079,291451200,JPT,EAS,NA18973,
ERR243383,291795400,CEU,EUR,NA07056,
ERR242197,291864800,TSI,EUR,NA20539,
ERR246062,291998800,JPT,EAS,NA18949,
ERR243362,292054400,CEU,EUR,NA07056,
ERR242317,292143400,TSI,EUR,NA20539,
ERR242277,292162600,TSI,EUR,NA20539,
ERR244210,292315200,JPT,EAS,NA18949,
ERR243341,292515400,CEU,EUR,NA07056,
ERR243446,292634400,CEU,EUR,NA07056,
ERR243320,292815000,CEU,EUR,NA07056,
ERR240270,292918800,JPT,EAS,NA18949,
ERR242797,293154000,TSI,EUR,NA20772,
ERR239805,293621200,JPT,EAS,NA18949,
ERR244225,293655800,JPT,EAS,NA18949,
ERR239790,293685000,JPT,EAS,NA18949,
ERR242117,293730400,TSI,EUR,NA20539,
ERR240285,293756000,JPT,EAS,NA18949,
ERR243404,293821000,CEU,EUR,NA07056,
ERR240293,293862200,JPT,EAS,NA18945,
ERR239895,294372200,JPT,EAS,NA18949,
ERR239820,294433000,JPT,EAS,NA18949,
ERR240345,294505800,JPT,EAS,NA18949,
ERR240315,294556000,JPT,EAS,NA18949,
ERR244195,294709600,LWK,AFR,NA19437,
ERR240360,294966400,JPT,EAS,NA18949,
ERR243299,295063800,CEU,EUR,NA07056,
ERR240330,295125000,JPT,EAS,NA18949,
ERR244192,295203600,LWK,AFR,NA19437,
ERR239745,295383600,LWK,AFR,NA19437,
ERR244186,295503000,LWK,AFR,NA19437,
ERR239835,295592000,JPT,EAS,NA18949,
ERR243864,295698200,CEU,EUR,NA12043,
ERR244183,295775800,LWK,AFR,NA19437,
ERR239880,295979400,JPT,EAS,NA18949,
ERR239850,296196400,JPT,EAS,NA18949,
ERR239710,296427800,LWK,AFR,NA19439,
ERR244189,296473000,LWK,AFR,NA19437,
ERR242238,296553200,TSI,EUR,NA20544,
ERR240076,296820600,JPT,EAS,NA18951,
ERR243698,297393400,CEU,EUR,NA07056,
ERR242260,297399800,TSI,EUR,NA20528,
ERR244180,297507000,LWK,AFR,NA19437,
ERR239865,297522400,JPT,EAS,NA18949,
ERR241957,297588800,TSI,EUR,NA20539,
ERR239748,297960000,LWK,AFR,NA19437,
ERR244177,298024000,LWK,AFR,NA19437,
ERR240447,298223000,CHB,EAS,NA18614,
ERR242037,298255400,TSI,EUR,NA20539,
ERR244174,298286600,LWK,AFR,NA19437,
ERR243719,298597200,CEU,EUR,NA07056,
ERR241917,298661000,TSI,EUR,NA20539,
ERR242792,298764800,TSI,EUR,NA20533,
ERR239751,298769000,LWK,AFR,NA19437,
ERR240067,298975800,JPT,EAS,NA18942,
ERR243543,299240000,CEU,EUR,NA12144,
ERR239763,299287800,LWK,AFR,NA19437,
ERR244198,299342200,LWK,AFR,NA19437,
ERR241877,299372200,TSI,EUR,NA20539,
ERR244984,299440000,CEU,EUR,NA12749,
ERR244709,299524800,TSI,EUR,NA20798,
ERR239760,299606800,LWK,AFR,NA19437,
ERR240792,299643800,TSI,EUR,NA20510,
ERR241837,299669400,TSI,EUR,NA20539,
ERR239652,299815400,LWK,AFR,NA19437,
ERR239757,299867600,LWK,AFR,NA19437,
ERR240074,299913000,JPT,EAS,NA18948,
ERR239658,299988000,LWK,AFR,NA19437,
ERR242685,299989600,TSI,EUR,NA20798,
ERR239655,299989800,LWK,AFR,NA19437,
ERR243656,300006200,CEU,EUR,NA07056,
ERR243796,300017400,CEU,EUR,NA12749,
ERR243857,300045000,CEU,EUR,NA10851,
ERR242077,300153600,TSI,EUR,NA20539,
ERR244921,300213200,CEU,EUR,NA12749,
ERR244963,300266000,CEU,EUR,NA12749,
ERR241997,300282800,TSI,EUR,NA20539,
ERR244669,300287000,TSI,EUR,NA20798,
ERR244971,300332400,CEU,EUR,NA11893,
ERR242242,300449600,TSI,EUR,NA20774,
ERR243740,300485400,CEU,EUR,NA07056,
ERR244589,300561200,TSI,EUR,NA20798,
ERR239673,300650200,LWK,AFR,NA19437,
ERR244549,300852800,TSI,EUR,NA20798,
ERR244900,300911200,CEU,EUR,NA12749,
ERR244908,300966800,CEU,EUR,NA11893,
ERR244950,300981200,CEU,EUR,NA11893,
ERR240045,301010400,JPT,EAS,NA18949,
ERR243783,301010600,CEU,EUR,NA11893,
ERR243550,301053000,CEU,EUR,NA12287,
ERR243677,301087200,CEU,EUR,NA07056,
ERR241797,301284800,TSI,EUR,NA20539,
ERR239670,301489000,LWK,AFR,NA19437,
ERR240120,301496600,JPT,EAS,NA18949,
ERR244879,301555400,CEU,EUR,NA12749,
ERR239664,301592800,LWK,AFR,NA19437,
ERR244887,301598800,CEU,EUR,NA11893,
ERR243861,301763800,CEU,EUR,NA12828,
ERR240786,301817800,TSI,EUR,NA20803,
ERR244866,301819200,CEU,EUR,NA11893,
ERR244509,301913000,TSI,EUR,NA20798,
ERR242799,301950600,TSI,EUR,NA20783,
ERR243761,301976600,CEU,EUR,NA07056,
ERR243635,302117600,CEU,EUR,NA07056,
ERR240135,302186800,JPT,EAS,NA18949,
ERR243817,302239000,CEU,EUR,NA12749,
ERR244942,302320800,CEU,EUR,NA12749,
ERR242557,302396600,TSI,EUR,NA20539,
ERR240446,302409600,CHB,EAS,NA18625,
ERR243863,302460600,CEU,EUR,NA11931,
ERR244629,302583800,TSI,EUR,NA20798,
ERR244840,302657600,CEU,EUR,NA12749,
ERR239661,302730600,LWK,AFR,NA19437,
ERR240090,302824000,JPT,EAS,NA18949,
ERR242724,302896600,TSI,EUR,NA20798,
ERR244429,302920000,TSI,EUR,NA20798,
ERR244858,302987200,CEU,EUR,NA12749,
ERR244929,303057600,CEU,EUR,NA11893,
ERR242230,303058800,TSI,EUR,NA20515,
ERR239766,303083200,JPT,EAS,NA18965,
ERR242805,303091200,TSI,EUR,NA20509,
ERR241177,303120600,TSI,EUR,NA20798,
ERR244827,303138800,CEU,EUR,NA11893,
ERR243838,303193800,CEU,EUR,NA12749,
ERR243138,303251800,CEU,EUR,NA12749,
ERR240060,303351600,JPT,EAS,NA18949,
ERR244469,303450200,TSI,EUR,NA20798,
ERR240105,303556600,JPT,EAS,NA18949,
ERR243804,303667200,CEU,EUR,NA11893,
ERR243880,303806200,CEU,EUR,NA12749,
ERR244848,303820200,CEU,EUR,NA11893,
ERR243159,303836800,CEU,EUR,NA12749,
ERR239779,303885800,JPT,EAS,NA18973,
ERR242762,303945000,TSI,EUR,NA20798,
ERR241217,304001200,TSI,EUR,NA20798,
ERR239667,304023000,LWK,AFR,NA19437,
ERR243180,304055400,CEU,EUR,NA12749,
ERR243125,304057400,CEU,EUR,NA11893,
ERR243825,304131600,CEU,EUR,NA11893,
ERR244197,304194600,LWK,AFR,NA19446,
ERR243922,304200200,CEU,EUR,NA12749,
ERR241257,304201200,TSI,EUR,NA20798,
ERR242597,304248000,TSI,EUR,NA20539,
ERR243285,304265000,CEU,EUR,NA12749,
ERR243939,304266600,CEU,EUR,NA12749,
ERR244780,304363000,TSI,EUR,NA20798,
ERR241457,304435200,TSI,EUR,NA20798,
ERR243146,304449400,CEU,EUR,NA11893,
ERR244785,304591800,TSI,EUR,NA20798,
ERR243901,304652400,CEU,EUR,NA12749,
ERR243167,304894000,CEU,EUR,NA11893,
ERR241417,304918400,TSI,EUR,NA20798,
ERR239747,305077000,LWK,AFR,NA19446,
ERR244188,305088800,LWK,AFR,NA19446,
ERR242800,305090400,TSI,EUR,NA20790,
ERR244801,305095800,TSI,EUR,NA20798,
ERR244782,305228800,TSI,EUR,NA20798,
ERR242241,305250800,TSI,EUR,NA20772,
ERR244194,305258000,LWK,AFR,NA19446,
ERR243272,305305000,CEU,EUR,NA11893,
ERR243930,305335200,CEU,EUR,NA11893,
ERR243867,305370400,CEU,EUR,NA11893,
ERR243201,305463800,CEU,EUR,NA12749,
ERR240030,305479000,JPT,EAS,NA18949,
ERR243909,305533800,CEU,EUR,NA11893,
ERR243888,305608800,CEU,EUR,NA11893,
ERR243264,305616400,CEU,EUR,NA12749,
ERR240303,305688200,JPT,EAS,NA18956,
ERR243222,305735800,CEU,EUR,NA12749,
ERR244185,305742200,LWK,AFR,NA19446,
ERR244741,305795800,TSI,EUR,NA20539,
ERR242477,305832600,TSI,EUR,NA20539,
ERR240068,305849400,JPT,EAS,NA18945,
ERR241337,305930400,TSI,EUR,NA20798,
ERR241297,306084600,TSI,EUR,NA20798,
ERR242517,306117200,TSI,EUR,NA20539,
ERR242817,306147400,TSI,EUR,NA20538,
ERR244182,306249200,LWK,AFR,NA19446,
ERR243209,306273600,CEU,EUR,NA11893,
ERR243251,306313600,CEU,EUR,NA11893,
ERR242804,306441200,TSI,EUR,NA20508,
ERR239750,306660600,LWK,AFR,NA19446,
ERR244191,307002400,LWK,AFR,NA19446,
ERR239703,307009800,LWK,AFR,NA19437,
ERR243188,307150800,CEU,EUR,NA11893,
ERR242437,307245200,TSI,EUR,NA20539,
ERR242637,307276800,TSI,EUR,NA20539,
ERR243243,307338400,CEU,EUR,NA12749,
ERR244176,307507400,LWK,AFR,NA19446,
ERR239718,307715400,LWK,AFR,NA19437,
ERR241377,307803800,TSI,EUR,NA20798,
ERR244179,307834800,LWK,AFR,NA19446,
ERR239753,307924200,LWK,AFR,NA19446,
ERR243230,308087600,CEU,EUR,NA11893,
ERR239654,308265000,LWK,AFR,NA19446,
ERR242791,308394800,TSI,EUR,NA20532,
ERR239657,308487800,LWK,AFR,NA19446,
ERR243549,308541200,CEU,EUR,NA12043,
ERR239759,308681000,LWK,AFR,NA19446,
ERR239765,308763000,LWK,AFR,NA19446,
ERR239675,308778000,LWK,AFR,NA19446,
ERR240778,308830400,TSI,EUR,NA20544,
ERR244200,309075400,LWK,AFR,NA19446,
ERR239721,309202000,LWK,AFR,NA19437,
ERR239660,309205200,LWK,AFR,NA19446,
ERR239712,309236800,LWK,AFR,NA19437,
ERR239762,309422000,LWK,AFR,NA19446,
ERR239650,309744000,LWK,AFR,NA19439,
ERR240367,309844200,CHB,EAS,NA18614,
ERR239715,309929600,LWK,AFR,NA19437,
ERR240000,309939000,JPT,EAS,NA18949,
ERR239706,309975600,LWK,AFR,NA19437,
ERR239970,310116000,JPT,EAS,NA18949,
ERR240800,310320800,TSI,EUR,NA20528,
ERR239940,310497400,JPT,EAS,NA18949,
ERR239666,310556800,LWK,AFR,NA19446,
ERR239672,310560000,LWK,AFR,NA19446,
ERR239776,310685800,JPT,EAS,NA18951,
ERR243502,310726800,CEU,EUR,NA12749,
ERR239663,310955800,LWK,AFR,NA19446,
ERR242236,310977400,TSI,EUR,NA20533,
ERR239955,311029800,JPT,EAS,NA18949,
ERR240015,311313800,JPT,EAS,NA18949,
ERR239925,311412600,JPT,EAS,NA18949,
ERR242165,311510200,TSI,EUR,NA20798,
ERR243607,311936400,CEU,EUR,NA12749,
ERR242789,311952400,TSI,EUR,NA20529,
ERR242365,311956200,TSI,EUR,NA20798,
ERR239700,312060000,LWK,AFR,NA19437,
ERR243862,312206400,CEU,EUR,NA11894,
ERR243542,312213200,CEU,EUR,NA10851,
ERR243489,312288200,CEU,EUR,NA11893,
ERR239985,312317000,JPT,EAS,NA18949,
ERR239669,312387200,LWK,AFR,NA19446,
ERR243594,312556800,CEU,EUR,NA11893,
ERR243628,312780000,CEU,EUR,NA12749,
ERR239767,312863400,JPT,EAS,NA18942,
ERR239910,312948000,JPT,EAS,NA18949,
ERR243108,313086200,CEU,EUR,NA12144,
ERR243565,313182600,CEU,EUR,NA12749,
ERR239774,313209000,JPT,EAS,NA18948,
ERR240297,313319200,JPT,EAS,NA18944,
ERR242405,313462600,TSI,EUR,NA20798,
ERR240782,313485600,TSI,EUR,NA20774,
ERR243546,313678600,CEU,EUR,NA12828,
ERR243523,313807000,CEU,EUR,NA12749,
ERR243586,313809800,CEU,EUR,NA12749,
ERR240195,313822400,JPT,EAS,NA18949,
ERR244716,314057400,TSI,EUR,NA20510,
ERR243615,314072800,CEU,EUR,NA11893,
ERR242205,314114600,TSI,EUR,NA20798,
ERR242285,314298000,TSI,EUR,NA20798,
ERR242325,314500800,TSI,EUR,NA20798,
ERR243115,314566200,CEU,EUR,NA12287,
ERR239694,314579200,LWK,AFR,NA19437,
ERR242243,314653400,TSI,EUR,NA20783,
ERR243510,314953200,CEU,EUR,NA11893,
ERR243552,315009800,CEU,EUR,NA11893,
ERR244676,315018000,TSI,EUR,NA20510,
ERR244710,315236200,TSI,EUR,NA20803,
ERR240210,315301800,JPT,EAS,NA18949,
ERR243548,315303400,CEU,EUR,NA11931,
ERR242251,315321200,TSI,EUR,NA20509,
ERR243481,315333400,CEU,EUR,NA12749,
ERR240298,315355200,JPT,EAS,NA18947,
ERR242691,315419200,TSI,EUR,NA20510,
ERR240366,315430800,CHB,EAS,NA18625,
ERR243573,315450800,CEU,EUR,NA11893,
ERR244596,315510200,TSI,EUR,NA20510,
ERR244556,315879400,TSI,EUR,NA20510,
ERR240770,315948600,TSI,EUR,NA20515,
ERR244670,315987600,TSI,EUR,NA20803,
ERR242125,316034200,TSI,EUR,NA20798,
ERR239705,316084000,LWK,AFR,NA19446,
ERR244590,316187800,TSI,EUR,NA20803,
ERR244242,316254800,JPT,EAS,NA18965,
ERR244550,316372600,TSI,EUR,NA20803,
ERR239697,316432800,LWK,AFR,NA19437,
ERR239688,316470400,LWK,AFR,NA19437,
ERR239720,316502000,LWK,AFR,NA19446,
ERR244516,316560200,TSI,EUR,NA20510,
ERR244774,316599800,TSI,EUR,NA20803,
ERR242244,316661800,TSI,EUR,NA20790,
ERR244636,316833600,TSI,EUR,NA20510,
ERR240246,316836600,JPT,EAS,NA18965,
ERR244240,316901600,JPT,EAS,NA18965,
ERR240781,316961000,TSI,EUR,NA20772,
ERR244510,317038400,TSI,EUR,NA20803,
ERR239685,317197800,LWK,AFR,NA19437,
ERR243468,317238000,CEU,EUR,NA11893,
ERR239682,317294200,LWK,AFR,NA19437,
ERR240165,317467800,JPT,EAS,NA18949,
ERR240225,317471400,JPT,EAS,NA18949,
ERR244436,317637800,TSI,EUR,NA20510,
ERR239679,317667400,LWK,AFR,NA19437,
ERR246090,317746000,JPT,EAS,NA18973,
ERR242730,317849600,TSI,EUR,NA20510,
ERR244234,317856000,JPT,EAS,NA18965,
ERR244231,317866200,JPT,EAS,NA18965,
ERR240259,317923400,JPT,EAS,NA18973,
ERR241184,318019600,TSI,EUR,NA20510,
ERR239723,318046800,LWK,AFR,NA19446,
ERR240180,318141200,JPT,EAS,NA18949,
ERR246079,318224600,JPT,EAS,NA18973,
ERR246017,318307400,JPT,EAS,NA18965,
ERR244630,318384600,TSI,EUR,NA20803,
ERR239708,318534400,LWK,AFR,NA19446,
ERR242250,318561400,TSI,EUR,NA20508,
ERR242768,318640600,TSI,EUR,NA20510,
ERR246053,318661600,JPT,EAS,NA18973,
ERR244775,318687400,TSI,EUR,NA20803,
ERR241264,318712800,TSI,EUR,NA20510,
ERR244430,318767000,TSI,EUR,NA20803,
ERR241464,318771200,TSI,EUR,NA20510,
ERR244476,318771600,TSI,EUR,NA20510,
ERR239714,318803600,LWK,AFR,NA19446,
ERR241224,318847600,TSI,EUR,NA20510,
ERR244470,318953200,TSI,EUR,NA20803,
ERR239691,318978800,LWK,AFR,NA19437,
ERR243860,319008000,CEU,EUR,NA12776,
ERR246042,319130000,JPT,EAS,NA18973,
ERR240261,319147600,JPT,EAS,NA18965,
ERR241178,319242800,TSI,EUR,NA20803,
ERR239768,319247800,JPT,EAS,NA18945,
ERR239717,319254400,LWK,AFR,NA19446,
ERR244238,319310600,JPT,EAS,NA18965,
ERR240150,319315800,JPT,EAS,NA18949,
ERR242263,319392400,TSI,EUR,NA20538,
ERR239676,319497000,LWK,AFR,NA19437,
ERR240240,319566200,JPT,EAS,NA18949,
ERR240305,319601600,JPT,EAS,NA18941,
ERR240078,319859400,JPT,EAS,NA18956,
ERR241458,319864600,TSI,EUR,NA20803,
ERR246030,319891000,JPT,EAS,NA18973,
ERR240276,319914600,JPT,EAS,NA18965,
ERR244216,319915600,JPT,EAS,NA18965,
ERR244777,319957400,TSI,EUR,NA20803,
ERR240274,319975600,JPT,EAS,NA18973,
ERR241218,319984400,TSI,EUR,NA20803,
ERR240296,320050800,JPT,EAS,NA18943,
ERR242881,320143000,TSI,EUR,NA20510,
ERR242920,320144800,TSI,EUR,NA20510,
ERR242045,320201800,TSI,EUR,NA20798,
ERR244808,320207600,TSI,EUR,NA20510,
ERR241424,320231200,TSI,EUR,NA20510,
ERR242844,320248200,TSI,EUR,NA20510,
ERR244201,320256600,JPT,EAS,NA18965,
ERR241258,320260600,TSI,EUR,NA20803,
ERR243397,320409600,CEU,EUR,NA12749,
ERR241304,320412200,TSI,EUR,NA20510,
ERR241344,320423000,TSI,EUR,NA20510,
ERR246066,320445000,JPT,EAS,NA18973,
ERR244802,320557000,TSI,EUR,NA20803,
ERR244781,320575800,TSI,EUR,NA20803,
ERR243439,320598000,CEU,EUR,NA12749,
ERR242235,320755800,TSI,EUR,NA20532,
ERR239733,320845600,LWK,AFR,NA19437,
ERR239781,320902800,JPT,EAS,NA18965,
ERR240351,320904200,JPT,EAS,NA18965,
ERR242914,320940000,TSI,EUR,NA20803,
ERR244783,320971400,TSI,EUR,NA20803,
ERR244214,320998600,JPT,EAS,NA18973,
ERR241965,321005400,TSI,EUR,NA20798,
ERR240306,321061800,JPT,EAS,NA18965,
ERR240321,321164000,JPT,EAS,NA18965,
ERR243426,321170600,CEU,EUR,NA11893,
ERR240336,321175800,JPT,EAS,NA18965,
ERR239702,321219800,LWK,AFR,NA19446,
ERR243376,321220000,CEU,EUR,NA12749,
ERR239811,321248000,JPT,EAS,NA18965,
ERR239796,321291600,JPT,EAS,NA18965,
ERR239886,321301400,JPT,EAS,NA18965,
ERR244229,321341000,JPT,EAS,NA18973,
ERR240289,321489800,JPT,EAS,NA18973,
ERR241418,321563600,TSI,EUR,NA20803,
ERR241925,321651400,TSI,EUR,NA20798,
ERR241338,321654600,TSI,EUR,NA20803,
ERR241298,321679400,TSI,EUR,NA20803,
ERR241885,321688000,TSI,EUR,NA20798,
ERR243384,321734000,CEU,EUR,NA11893,
ERR241384,321789400,TSI,EUR,NA20510,
ERR239794,322036600,JPT,EAS,NA18973,
ERR243355,322059600,CEU,EUR,NA12749,
ERR243334,322130000,CEU,EUR,NA12749,
ERR242085,322246400,TSI,EUR,NA20798,
ERR241845,322262800,TSI,EUR,NA20798,
ERR239871,322316400,JPT,EAS,NA18965,
ERR240349,322501400,JPT,EAS,NA18973,
ERR240364,322549800,JPT,EAS,NA18973,
ERR239736,322565600,LWK,AFR,NA19437,
ERR243460,322570800,CEU,EUR,NA12749,
ERR243363,322571600,CEU,EUR,NA11893,
ERR240319,322633400,JPT,EAS,NA18973,
ERR239809,322701400,JPT,EAS,NA18973,
ERR239824,322740400,JPT,EAS,NA18973,
ERR240334,322759000,JPT,EAS,NA18973,
ERR239826,322786600,JPT,EAS,NA18965,
ERR239899,322931400,JPT,EAS,NA18973,
ERR242699,323003200,TSI,EUR,NA20528,
ERR239841,323038600,JPT,EAS,NA18965,
ERR242005,323084800,TSI,EUR,NA20798,
ERR241378,323109600,TSI,EUR,NA20803,
ERR243342,323187400,CEU,EUR,NA11893,
ERR243447,323237000,CEU,EUR,NA11893,
ERR243321,323266000,CEU,EUR,NA11893,
ERR244702,323271000,TSI,EUR,NA20544,
ERR240776,323272600,TSI,EUR,NA20533,
ERR242678,323509400,TSI,EUR,NA20544,
ERR243418,323647000,CEU,EUR,NA12749,
ERR243114,323695400,CEU,EUR,NA12043,
ERR239884,323900200,JPT,EAS,NA18973,
ERR239727,323939000,LWK,AFR,NA19437,
ERR243405,324040200,CEU,EUR,NA11893,
ERR239839,324157800,JPT,EAS,NA18973,
ERR239856,324167400,JPT,EAS,NA18965,
ERR243313,324210800,CEU,EUR,NA12749,
ERR244662,324212600,TSI,EUR,NA20544,
ERR244196,324212600,LWK,AFR,NA19439,
ERR244724,324316600,TSI,EUR,NA20528,
ERR241805,324317600,TSI,EUR,NA20798,
ERR239854,324459800,JPT,EAS,NA18973,
ERR239739,324497400,LWK,AFR,NA19437,
ERR244582,324552400,TSI,EUR,NA20544,
ERR244193,324603000,LWK,AFR,NA19439,
ERR244187,324653800,LWK,AFR,NA19439,
ERR244542,324662800,TSI,EUR,NA20544,
ERR243712,324754000,CEU,EUR,NA12749,
ERR242233,324857600,TSI,EUR,NA20529,
ERR246087,324883400,JPT,EAS,NA18951,
ERR244684,324891400,TSI,EUR,NA20528,
ERR239746,324907600,LWK,AFR,NA19439,
ERR246050,325041200,JPT,EAS,NA18951,
ERR244604,325044200,TSI,EUR,NA20528,
ERR244564,325093400,TSI,EUR,NA20528,
ERR244502,325100600,TSI,EUR,NA20544,
ERR242565,325229200,TSI,EUR,NA20798,
ERR243547,325240000,CEU,EUR,NA11894,
ERR239730,325315800,LWK,AFR,NA19437,
ERR240256,325369800,JPT,EAS,NA18951,
ERR246076,325405800,JPT,EAS,NA18951,
ERR244184,325454800,LWK,AFR,NA19439,
ERR243300,325491800,CEU,EUR,NA11893,
ERR246106,325549400,CHB,EAS,NA18614,
ERR246103,325631000,CHB,EAS,NA18614,
ERR243699,325720200,CEU,EUR,NA11893,
ERR246039,325726600,JPT,EAS,NA18951,
ERR240072,325749000,JPT,EAS,NA18944,
ERR239690,325825200,LWK,AFR,NA19446,
ERR239724,325843000,LWK,AFR,NA19437,
ERR243111,325884400,CEU,EUR,NA12828,
ERR244524,325940600,TSI,EUR,NA20528,
ERR246099,325973600,CHB,EAS,NA18614,
ERR239696,325996000,LWK,AFR,NA19446,
ERR240495,326049800,CHB,EAS,NA18614,
ERR244622,326077200,TSI,EUR,NA20544,
ERR242738,326095200,TSI,EUR,NA20528,
ERR239869,326137600,JPT,EAS,NA18973,
ERR239742,326325000,LWK,AFR,NA19437,
ERR244181,326353400,LWK,AFR,NA19439,
ERR243733,326413400,CEU,EUR,NA12749,
ERR242717,326468200,TSI,EUR,NA20544,
ERR246027,326478000,JPT,EAS,NA18951,
ERR242605,326541200,TSI,EUR,NA20798,
ERR242172,326551600,TSI,EUR,NA20510,
ERR243107,326720800,CEU,EUR,NA10851,
ERR246096,326760000,CHB,EAS,NA18614,
ERR246093,326877200,CHB,EAS,NA18614,
ERR244190,326896000,LWK,AFR,NA19439,
ERR244644,326899800,TSI,EUR,NA20528,
ERR244422,326937000,TSI,EUR,NA20544,
ERR244444,326957200,TSI,EUR,NA20528,
ERR244462,326961600,TSI,EUR,NA20544,
ERR242776,326996800,TSI,EUR,NA20528,
ERR239699,327072000,LWK,AFR,NA19446,
ERR239684,327104600,LWK,AFR,NA19446,
ERR239687,327114000,LWK,AFR,NA19446,
ERR243720,327167200,CEU,EUR,NA11893,
ERR239749,327174600,LWK,AFR,NA19439,
ERR241232,327221600,TSI,EUR,NA20528,
ERR244243,327340800,JPT,EAS,NA18942,
ERR242372,327399600,TSI,EUR,NA20510,
ERR239681,327418400,LWK,AFR,NA19446,
ERR244484,327442600,TSI,EUR,NA20528,
ERR244175,327452200,LWK,AFR,NA19439,
ERR244241,327505800,JPT,EAS,NA18942,
ERR241272,327546000,TSI,EUR,NA20528,
ERR242755,327549600,TSI,EUR,NA20544,
ERR244235,327555000,JPT,EAS,NA18942,
ERR246063,327692000,JPT,EAS,NA18951,
ERR241192,327764800,TSI,EUR,NA20528,
ERR242852,327811400,TSI,EUR,NA20528,
ERR246085,327906200,JPT,EAS,NA18948,
ERR241170,327944800,TSI,EUR,NA20544,
ERR246101,328026600,CHB,EAS,NA18614,
ERR242166,328035400,TSI,EUR,NA20803,
ERR244178,328039000,LWK,AFR,NA19439,
ERR240271,328040200,JPT,EAS,NA18951,
ERR242928,328053800,TSI,EUR,NA20528,
ERR242832,328106600,TSI,EUR,NA20544,
ERR239752,328178800,LWK,AFR,NA19439,
ERR244226,328211400,JPT,EAS,NA18951,
ERR239653,328217800,LWK,AFR,NA19439,
ERR243754,328234000,CEU,EUR,NA12749,
ERR242889,328285600,TSI,EUR,NA20528,
ERR240073,328315400,JPT,EAS,NA18947,
ERR241450,328342000,TSI,EUR,NA20544,
ERR242682,328343600,TSI,EUR,NA20774,
ERR244706,328375000,TSI,EUR,NA20774,
ERR242822,328380200,TSI,EUR,NA20589,
ERR241210,328418800,TSI,EUR,NA20544,
ERR239693,328419400,LWK,AFR,NA19446,
ERR244816,328435600,TSI,EUR,NA20528,
ERR240499,328437600,CHB,EAS,NA18614,
ERR244211,328442400,JPT,EAS,NA18951,
ERR243670,328445200,CEU,EUR,NA12749,
ERR246074,328458000,JPT,EAS,NA18948,
ERR241250,328477000,TSI,EUR,NA20544,
ERR244247,328494400,CHB,EAS,NA18614,
ERR241472,328506800,TSI,EUR,NA20528,
ERR244794,328519600,TSI,EUR,NA20544,
ERR244666,328543600,TSI,EUR,NA20774,
ERR244232,328571400,JPT,EAS,NA18942,
ERR243113,328608600,CEU,EUR,NA11931,
ERR239791,328654600,JPT,EAS,NA18951,
ERR242870,328690400,TSI,EUR,NA20544,
ERR242907,328693400,TSI,EUR,NA20544,
ERR240254,328707200,JPT,EAS,NA18948,
ERR240286,328766800,JPT,EAS,NA18951,
ERR242412,328771400,TSI,EUR,NA20510,
ERR240036,328773000,JPT,EAS,NA18965,
ERR242366,328799000,TSI,EUR,NA20803,
ERR241432,328881600,TSI,EUR,NA20528,
ERR242485,328883200,TSI,EUR,NA20798,
ERR244586,329010400,TSI,EUR,NA20774,
ERR240783,329046400,TSI,EUR,NA20783,
ERR243691,329100800,CEU,EUR,NA12749,
ERR244983,329102600,CEU,EUR,NA12144,
ERR244962,329126800,CEU,EUR,NA12144,
ERR246048,329127200,JPT,EAS,NA18948,
ERR239821,329159200,JPT,EAS,NA18951,
ERR243854,329179800,CEU,EUR,NA11892,
ERR244251,329192600,CHB,EAS,NA18614,
ERR244546,329208000,TSI,EUR,NA20774,
ERR239674,329211000,LWK,AFR,NA19439,
ERR246018,329231400,JPT,EAS,NA18942,
ERR239806,329240800,JPT,EAS,NA18951,
ERR239896,329274600,JPT,EAS,NA18951,
ERR240371,329287000,CHB,EAS,NA18614,
ERR242292,329295800,TSI,EUR,NA20510,
ERR239656,329300600,LWK,AFR,NA19439,
ERR241352,329323600,TSI,EUR,NA20528,
ERR246037,329377000,JPT,EAS,NA18948,
ERR243657,329401600,CEU,EUR,NA11893,
ERR244199,329445000,LWK,AFR,NA19439,
ERR239659,329460400,LWK,AFR,NA19439,
ERR239758,329475800,LWK,AFR,NA19439,
ERR242212,329501800,TSI,EUR,NA20510,
ERR242525,329522000,TSI,EUR,NA20798,
ERR244990,329549200,CEU,EUR,NA12287,
ERR240111,329598000,JPT,EAS,NA18965,
ERR240503,329601400,CHB,EAS,NA18614,
ERR244749,329615800,TSI,EUR,NA20798,
ERR243741,329636800,CEU,EUR,NA11893,
ERR239678,329657200,LWK,AFR,NA19446,
ERR240247,329660600,JPT,EAS,NA18942,
ERR243802,329712800,CEU,EUR,NA12287,
ERR239764,329726000,LWK,AFR,NA19439,
ERR244920,329803200,CEU,EUR,NA12144,
ERR240346,329805600,JPT,EAS,NA18951,
ERR243795,329811000,CEU,EUR,NA12144,
ERR240049,329872200,JPT,EAS,NA18973,
ERR240791,329898600,TSI,EUR,NA20509,
ERR239761,329914800,LWK,AFR,NA19439,
ERR240375,329940000,CHB,EAS,NA18614,
ERR240379,329940000,CHB,EAS,NA18614,
ERR241312,329949400,TSI,EUR,NA20528,
ERR241290,329965800,TSI,EUR,NA20544,
ERR240784,329974400,TSI,EUR,NA20790,
ERR244239,329982400,JPT,EAS,NA18942,
ERR240316,329991000,JPT,EAS,NA18951,
ERR241410,330014600,TSI,EUR,NA20544,
ERR244694,330102200,TSI,EUR,NA20515,
ERR240361,330140400,JPT,EAS,NA18951,
ERR244927,330169000,CEU,EUR,NA12287,
ERR242332,330207400,TSI,EUR,NA20510,
ERR242721,330209600,TSI,EUR,NA20774,
ERR243775,330233200,CEU,EUR,NA12749,
ERR239735,330239400,LWK,AFR,NA19446,
ERR243649,330249600,CEU,EUR,NA12749,
ERR244506,330254000,TSI,EUR,NA20774,
ERR244969,330269800,CEU,EUR,NA12287,
ERR240523,330304400,CHB,EAS,NA18614,
ERR244899,330309600,CEU,EUR,NA12144,
ERR243678,330367800,CEU,EUR,NA11893,
ERR242406,330377200,TSI,EUR,NA20803,
ERR240331,330419800,JPT,EAS,NA18951,
ERR240511,330424600,CHB,EAS,NA18614,
ERR246105,330432400,CHB,EAS,NA18625,
ERR239671,330495000,LWK,AFR,NA19439,
ERR246025,330586400,JPT,EAS,NA18948,
ERR242645,330607800,TSI,EUR,NA20798,
ERR244654,330652000,TSI,EUR,NA20515,
ERR241392,330681600,TSI,EUR,NA20528,
ERR244202,330708200,JPT,EAS,NA18942,
ERR242206,330712600,TSI,EUR,NA20803,
ERR244878,330740800,CEU,EUR,NA12144,
ERR240124,330761800,JPT,EAS,NA18973,
ERR239881,330801600,JPT,EAS,NA18951,
ERR240399,330806400,CHB,EAS,NA18614,
ERR240126,330840400,JPT,EAS,NA18965,
ERR244626,330866000,TSI,EUR,NA20774,
ERR239782,330886000,JPT,EAS,NA18942,
ERR240519,330898200,CHB,EAS,NA18614,
ERR242670,330909800,TSI,EUR,NA20515,
ERR240515,330912800,CHB,EAS,NA18614,
ERR240081,330938200,JPT,EAS,NA18965,
ERR246102,330966400,CHB,EAS,NA18625,
ERR242445,330981000,TSI,EUR,NA20798,
ERR244574,330986400,TSI,EUR,NA20515,
ERR239662,330989600,LWK,AFR,NA19439,
ERR239665,331016600,LWK,AFR,NA19439,
ERR240790,331039200,TSI,EUR,NA20508,
ERR242286,331046000,TSI,EUR,NA20803,
ERR241330,331109400,TSI,EUR,NA20544,
ERR244217,331138400,JPT,EAS,NA18942,
ERR246098,331153600,CHB,EAS,NA18625,
ERR242759,331240000,TSI,EUR,NA20774,
ERR242326,331262800,TSI,EUR,NA20803,
ERR244906,331263600,CEU,EUR,NA12287,
ERR240051,331336600,JPT,EAS,NA18965,
ERR240262,331358000,JPT,EAS,NA18942,
ERR244705,331361200,TSI,EUR,NA20772,
ERR244426,331372800,TSI,EUR,NA20774,
ERR244885,331376400,CEU,EUR,NA12287,
ERR239836,331403800,JPT,EAS,NA18951,
ERR244941,331405200,CEU,EUR,NA12144,
ERR243762,331429000,CEU,EUR,NA11893,
ERR243545,331456400,CEU,EUR,NA12776,
ERR243823,331459000,CEU,EUR,NA12287,
ERR246061,331507000,JPT,EAS,NA18948,
ERR240395,331519200,CHB,EAS,NA18614,
ERR242681,331520000,TSI,EUR,NA20772,
ERR244209,331525800,JPT,EAS,NA18948,
ERR243636,331538800,CEU,EUR,NA11893,
ERR240494,331547800,CHB,EAS,NA18625,
ERR239851,331616800,JPT,EAS,NA18951,
ERR240383,331627400,CHB,EAS,NA18614,
ERR246095,331669200,CHB,EAS,NA18625,
ERR240269,331694400,JPT,EAS,NA18948,
ERR242132,331720000,TSI,EUR,NA20510,
ERR244534,331762600,TSI,EUR,NA20515,
ERR239797,331770400,JPT,EAS,NA18942,
ERR243816,331864600,CEU,EUR,NA12144,
ERR244839,331869400,CEU,EUR,NA12144,
ERR240387,331878400,CHB,EAS,NA18614,
ERR240096,331889400,JPT,EAS,NA18965,
ERR239738,331898600,LWK,AFR,NA19446,
ERR241370,331911400,TSI,EUR,NA20544,
ERR240139,331927000,JPT,EAS,NA18973,
ERR239812,331970600,JPT,EAS,NA18942,
ERR244585,331994400,TSI,EUR,NA20772,
ERR240080,332023000,JPT,EAS,NA18941,
ERR239668,332024200,LWK,AFR,NA19439,
ERR244224,332130800,JPT,EAS,NA18948,
ERR244466,332153600,TSI,EUR,NA20774,
ERR244494,332288200,TSI,EUR,NA20515,
ERR246092,332305400,CHB,EAS,NA18625,
ERR244665,332328000,TSI,EUR,NA20772,
ERR239789,332340200,JPT,EAS,NA18948,
ERR240284,332342800,JPT,EAS,NA18948,
ERR239887,332429200,JPT,EAS,NA18942,
ERR240277,332497000,JPT,EAS,NA18942,
ERR242836,332502200,TSI,EUR,NA20774,
ERR240064,332510600,JPT,EAS,NA18973,
ERR242808,332536600,TSI,EUR,NA20516,
ERR240109,332616000,JPT,EAS,NA18973,
ERR244857,332617800,CEU,EUR,NA12144,
ERR241174,332628800,TSI,EUR,NA20774,
ERR239804,332689800,JPT,EAS,NA18948,
ERR244948,332694600,CEU,EUR,NA12287,
ERR240071,332710600,JPT,EAS,NA18943,
ERR244798,332726800,TSI,EUR,NA20774,
ERR240094,332741800,JPT,EAS,NA18973,
ERR243844,332757600,CEU,EUR,NA12287,
ERR244846,332766400,CEU,EUR,NA12287,
ERR242874,332793400,TSI,EUR,NA20774,
ERR241454,332833800,TSI,EUR,NA20774,
ERR244864,332834400,CEU,EUR,NA12287,
ERR244545,332839000,TSI,EUR,NA20772,
ERR244614,332862800,TSI,EUR,NA20515,
ERR242126,332872600,TSI,EUR,NA20803,
ERR246100,332912200,CHB,EAS,NA18625,
ERR242911,332973600,TSI,EUR,NA20774,
ERR239894,332981600,JPT,EAS,NA18948,
ERR243837,333023400,CEU,EUR,NA12144,
ERR243284,333048000,CEU,EUR,NA12144,
ERR243137,333062200,CEU,EUR,NA12144,
ERR239842,333110400,JPT,EAS,NA18942,
ERR239872,333178800,JPT,EAS,NA18942,
ERR240391,333180200,CHB,EAS,NA18614,
ERR239866,333234200,JPT,EAS,NA18951,
ERR240803,333245000,TSI,EUR,NA20538,
ERR242709,333261800,TSI,EUR,NA20515,
ERR244505,333297800,TSI,EUR,NA20772,
ERR243158,333321600,CEU,EUR,NA12144,
ERR239819,333425400,JPT,EAS,NA18948,
ERR240314,333439800,JPT,EAS,NA18948,
ERR240337,333526400,JPT,EAS,NA18942,
ERR242720,333532200,TSI,EUR,NA20772,
ERR243179,333579800,CEU,EUR,NA12144,
ERR240352,333594000,JPT,EAS,NA18942,
ERR243144,333616000,CEU,EUR,NA12287,
ERR240307,333625800,JPT,EAS,NA18942,
ERR241254,333693000,TSI,EUR,NA20774,
ERR243921,333705200,CEU,EUR,NA12144,
ERR240498,333706000,CHB,EAS,NA18625,
ERR240329,333707200,JPT,EAS,NA18948,
ERR243907,333729800,CEU,EUR,NA12287,
ERR241214,333789000,TSI,EUR,NA20774,
ERR244414,333822600,TSI,EUR,NA20515,
ERR239879,333826200,JPT,EAS,NA18948,
ERR244454,333862000,TSI,EUR,NA20515,
ERR243886,333909000,CEU,EUR,NA12287,
ERR240322,333949400,JPT,EAS,NA18942,
ERR240344,333955800,JPT,EAS,NA18948,
ERR239741,333964600,LWK,AFR,NA19446,
ERR239827,333987400,JPT,EAS,NA18942,
ERR240359,333994200,JPT,EAS,NA18948,
ERR243879,333998000,CEU,EUR,NA12144,
ERR239729,333999000,LWK,AFR,NA19446,
ERR243945,334000400,CEU,EUR,NA12287,
ERR243165,334048000,CEU,EUR,NA12287,
ERR242747,334055000,TSI,EUR,NA20515,
ERR243938,334196000,CEU,EUR,NA12144,
ERR244250,334211000,CHB,EAS,NA18625,
ERR244625,334225800,TSI,EUR,NA20772,
ERR240248,334237400,JPT,EAS,NA18945,
ERR243928,334262600,CEU,EUR,NA12287,
ERR244246,334276800,CHB,EAS,NA18625,
ERR244244,334298200,JPT,EAS,NA18945,
ERR240370,334314600,CHB,EAS,NA18625,
ERR240021,334318600,JPT,EAS,NA18965,
ERR243186,334335000,CEU,EUR,NA12287,
ERR239778,334338800,JPT,EAS,NA18956,
ERR246068,334473200,JPT,EAS,NA18945,
ERR239834,334541200,JPT,EAS,NA18948,
ERR243291,334557200,CEU,EUR,NA12287,
ERR239732,334563200,LWK,AFR,NA19446,
ERR241294,334573600,TSI,EUR,NA20774,
ERR240034,334574600,JPT,EAS,NA18973,
ERR241242,334601200,TSI,EUR,NA20515,
ERR241414,334603600,TSI,EUR,NA20774,
ERR242758,334678000,TSI,EUR,NA20772,
ERR241162,334678800,TSI,EUR,NA20515,
ERR243900,334703200,CEU,EUR,NA12144,
ERR240502,334708600,CHB,EAS,NA18625,
ERR240775,334750400,TSI,EUR,NA20532,
ERR244425,334759600,TSI,EUR,NA20772,
ERR240374,334768200,CHB,EAS,NA18625,
ERR241202,334806600,TSI,EUR,NA20515,
ERR239849,334843600,JPT,EAS,NA18948,
ERR242158,335018200,TSI,EUR,NA20544,
ERR242824,335098200,TSI,EUR,NA20515,
ERR243200,335101200,CEU,EUR,NA12144,
ERR244465,335113600,TSI,EUR,NA20772,
ERR240398,335143200,CHB,EAS,NA18625,
ERR244786,335190400,TSI,EUR,NA20515,
ERR243263,335281000,CEU,EUR,NA12144,
ERR244236,335281400,JPT,EAS,NA18945,
ERR242910,335287800,TSI,EUR,NA20772,
ERR242899,335300800,TSI,EUR,NA20515,
ERR240378,335337200,CHB,EAS,NA18625,
ERR241334,335365200,TSI,EUR,NA20774,
ERR239857,335391600,JPT,EAS,NA18942,
ERR241442,335399800,TSI,EUR,NA20515,
ERR239726,335452800,LWK,AFR,NA19446,
ERR241173,335492800,TSI,EUR,NA20772,
ERR246032,335535200,JPT,EAS,NA18945,
ERR243270,335563600,CEU,EUR,NA12287,
ERR240514,335604800,CHB,EAS,NA18625,
ERR239864,335650000,JPT,EAS,NA18948,
ERR244797,335685600,TSI,EUR,NA20772,
ERR242873,335707800,TSI,EUR,NA20772,
ERR243221,335749200,CEU,EUR,NA12144,
ERR239744,335769400,LWK,AFR,NA19446,
ERR240510,335783000,CHB,EAS,NA18625,
ERR242862,335864400,TSI,EUR,NA20515,
ERR242052,335900200,TSI,EUR,NA20510,
ERR242790,335901800,TSI,EUR,NA20531,
ERR242835,335923000,TSI,EUR,NA20772,
ERR240518,335985600,CHB,EAS,NA18625,
ERR241972,336054600,TSI,EUR,NA20510,
ERR242180,336128200,TSI,EUR,NA20528,
ERR243228,336140000,CEU,EUR,NA12287,
ERR241374,336163400,TSI,EUR,NA20774,
ERR240263,336225600,JPT,EAS,NA18945,
ERR240394,336229200,CHB,EAS,NA18625,
ERR243207,336372800,CEU,EUR,NA12287,
ERR246019,336385800,JPT,EAS,NA18945,
ERR242358,336387800,TSI,EUR,NA20544,
ERR241402,336394600,TSI,EUR,NA20515,
ERR240382,336455800,CHB,EAS,NA18625,
ERR242788,336465800,TSI,EUR,NA20520,
ERR241253,336499800,TSI,EUR,NA20772,
ERR241213,336562600,TSI,EUR,NA20772,
ERR241282,336582000,TSI,EUR,NA20515,
ERR242380,336673200,TSI,EUR,NA20528,
ERR241322,336702400,TSI,EUR,NA20515,
ERR240522,336706000,CHB,EAS,NA18625,
ERR240386,336773600,CHB,EAS,NA18625,
ERR246055,336842400,JPT,EAS,NA18945,
ERR244700,336906000,TSI,EUR,NA20533,
ERR241453,336927400,TSI,EUR,NA20772,
ERR241932,337132800,TSI,EUR,NA20510,
ERR243242,337160000,CEU,EUR,NA12144,
ERR240439,337172000,CHB,EAS,NA18614,
ERR239704,337180400,LWK,AFR,NA19439,
ERR244203,337181200,JPT,EAS,NA18945,
ERR242676,337258600,TSI,EUR,NA20533,
ERR244660,337268600,TSI,EUR,NA20533,
ERR241892,337338800,TSI,EUR,NA20510,
ERR243249,337453400,CEU,EUR,NA12287,
ERR240278,337468800,JPT,EAS,NA18945,
ERR239719,337478200,LWK,AFR,NA19439,
ERR240046,337654200,JPT,EAS,NA18951,
ERR240773,337674600,TSI,EUR,NA20529,
ERR240459,337708400,CHB,EAS,NA18614,
ERR242046,337765600,TSI,EUR,NA20803,
ERR244218,337846200,JPT,EAS,NA18945,
ERR242198,337881400,TSI,EUR,NA20544,
ERR244540,337923200,TSI,EUR,NA20533,
ERR240509,337960800,CHB,EAS,NA18627,
ERR244580,337969400,TSI,EUR,NA20533,
ERR241413,337993400,TSI,EUR,NA20772,
ERR241966,337994400,TSI,EUR,NA20803,
ERR240121,338001600,JPT,EAS,NA18951,
ERR242092,338052800,TSI,EUR,NA20510,
ERR242398,338121800,TSI,EUR,NA20544,
ERR241362,338215600,TSI,EUR,NA20515,
ERR242278,338375600,TSI,EUR,NA20544,
ERR239813,338429600,JPT,EAS,NA18945,
ERR240308,338437600,JPT,EAS,NA18945,
ERR240390,338442000,CHB,EAS,NA18625,
ERR239798,338449800,JPT,EAS,NA18945,
ERR242420,338452800,TSI,EUR,NA20528,
ERR241852,338469000,TSI,EUR,NA20510,
ERR239991,338491200,JPT,EAS,NA18965,
ERR239772,338510400,JPT,EAS,NA18944,
ERR242220,338517400,TSI,EUR,NA20528,
ERR239783,338601600,JPT,EAS,NA18945,
ERR241293,338631600,TSI,EUR,NA20772,
ERR239961,338632200,JPT,EAS,NA18965,
ERR240338,338711800,JPT,EAS,NA18945,
ERR241886,338726200,TSI,EUR,NA20803,
ERR241333,338757600,TSI,EUR,NA20772,
ERR241926,338784400,TSI,EUR,NA20803,
ERR244500,338803400,TSI,EUR,NA20533,
ERR240463,338878200,CHB,EAS,NA18614,
ERR240295,338900000,JPT,EAS,NA18940,
ERR242340,338912200,TSI,EUR,NA20528,
ERR239722,338953800,LWK,AFR,NA19439,
ERR242300,338977600,TSI,EUR,NA20528,
ERR244989,338979200,CEU,EUR,NA12043,
ERR240323,339041400,JPT,EAS,NA18945,
ERR242012,339046400,TSI,EUR,NA20510,
ERR242715,339055800,TSI,EUR,NA20533,
ERR242318,339130800,TSI,EUR,NA20544,
ERR241812,339253200,TSI,EUR,NA20510,
ERR239888,339375800,JPT,EAS,NA18945,
ERR241846,339442800,TSI,EUR,NA20803,
ERR244620,339470000,TSI,EUR,NA20533,
ERR239707,339470600,LWK,AFR,NA19439,
ERR240353,339508400,JPT,EAS,NA18945,
ERR239946,339614400,JPT,EAS,NA18965,
ERR242086,339683600,TSI,EUR,NA20803,
ERR239974,339696000,JPT,EAS,NA18973,
ERR240451,339697000,CHB,EAS,NA18614,
ERR239713,339738800,LWK,AFR,NA19439,
ERR240443,339749400,CHB,EAS,NA18614,
ERR240004,339816600,JPT,EAS,NA18973,
ERR241373,339830200,TSI,EUR,NA20772,
ERR239716,339938800,LWK,AFR,NA19439,
ERR240136,339979400,JPT,EAS,NA18951,
ERR240455,340017200,CHB,EAS,NA18614,
ERR244968,340117600,CEU,EUR,NA12043,
ERR239873,340131200,JPT,EAS,NA18945,
ERR243112,340131400,CEU,EUR,NA11894,
ERR239931,340139200,JPT,EAS,NA18965,
ERR244420,340224000,TSI,EUR,NA20533,
ERR239773,340231200,JPT,EAS,NA18947,
ERR240061,340258400,JPT,EAS,NA18951,
ERR239843,340261800,JPT,EAS,NA18945,
ERR242006,340275800,TSI,EUR,NA20803,
ERR242753,340334600,TSI,EUR,NA20533,
ERR239916,340336200,JPT,EAS,NA18965,
ERR241806,340388600,TSI,EUR,NA20803,
ERR244905,340395600,CEU,EUR,NA12043,
ERR242162,340401600,TSI,EUR,NA20774,
ERR239828,340457200,JPT,EAS,NA18945,
ERR240106,340474000,JPT,EAS,NA18951,
ERR240006,340549200,JPT,EAS,NA18965,
ERR240091,340553400,JPT,EAS,NA18951,
ERR244460,340691000,TSI,EUR,NA20533,
ERR240037,340711000,JPT,EAS,NA18942,
ERR242362,340886400,TSI,EUR,NA20774,
ERR244926,340907200,CEU,EUR,NA12043,
ERR242118,340970400,TSI,EUR,NA20544,
ERR240044,341009000,JPT,EAS,NA18948,
ERR239959,341033800,JPT,EAS,NA18973,
ERR240119,341139000,JPT,EAS,NA18948,
ERR239976,341142200,JPT,EAS,NA18965,
ERR244986,341247200,CEU,EUR,NA12828,
ERR243501,341308000,CEU,EUR,NA12144,
ERR243801,341324200,CEU,EUR,NA12043,
ERR241168,341356600,TSI,EUR,NA20533,
ERR242140,341442400,TSI,EUR,NA20528,
ERR239944,341512600,JPT,EAS,NA18973,
ERR242905,341542400,TSI,EUR,NA20533,
ERR243606,341679400,CEU,EUR,NA12144,
ERR242807,341681200,TSI,EUR,NA20512,
ERR244884,341691600,CEU,EUR,NA12043,
ERR241448,341729400,TSI,EUR,NA20533,
ERR242830,341740400,TSI,EUR,NA20533,
ERR242572,341741000,TSI,EUR,NA20510,
ERR241248,341758600,TSI,EUR,NA20533,
ERR244792,341797600,TSI,EUR,NA20533,
ERR240112,341824000,JPT,EAS,NA18942,
ERR243508,341856400,CEU,EUR,NA12287,
ERR239929,341903000,JPT,EAS,NA18973,
ERR240019,341907400,JPT,EAS,NA18973,
ERR239701,341978200,LWK,AFR,NA19439,
ERR244965,342002200,CEU,EUR,NA12828,
ERR242566,342032200,TSI,EUR,NA20803,
ERR239901,342035400,JPT,EAS,NA18965,
ERR239858,342048200,JPT,EAS,NA18945,
ERR244982,342193400,CEU,EUR,NA10851,
ERR242868,342251800,TSI,EUR,NA20533,
ERR241208,342269600,TSI,EUR,NA20533,
ERR244961,342333200,CEU,EUR,NA10851,
ERR244923,342345600,CEU,EUR,NA12828,
ERR242402,342359400,TSI,EUR,NA20774,
ERR243798,342522400,CEU,EUR,NA12828,
ERR244845,342665000,CEU,EUR,NA12043,
ERR242268,342692400,TSI,EUR,NA20589,
ERR244947,342705200,CEU,EUR,NA12043,
ERR240438,342741000,CHB,EAS,NA18625,
ERR240435,342741200,CHB,EAS,NA18614,
ERR242282,342774800,TSI,EUR,NA20774,
ERR244902,342791200,CEU,EUR,NA12828,
ERR243613,342805200,CEU,EUR,NA12287,
ERR240134,342805600,JPT,EAS,NA18948,
ERR239914,342875000,JPT,EAS,NA18973,
ERR242150,342909800,TSI,EUR,NA20515,
ERR244919,342966600,CEU,EUR,NA10851,
ERR242202,343023600,TSI,EUR,NA20774,
ERR240186,343095000,JPT,EAS,NA18965,
ERR240127,343102200,JPT,EAS,NA18942,
ERR241408,343102800,TSI,EUR,NA20533,
ERR239989,343135600,JPT,EAS,NA18973,
ERR244881,343153800,CEU,EUR,NA12828,
ERR240059,343212800,JPT,EAS,NA18948,
ERR240031,343241200,JPT,EAS,NA18951,
ERR243143,343410800,CEU,EUR,NA12043,
ERR241288,343436800,TSI,EUR,NA20533,
ERR241328,343442200,TSI,EUR,NA20533,
ERR243794,343480800,CEU,EUR,NA10851,
ERR244898,343498600,CEU,EUR,NA10851,
ERR244863,343523600,CEU,EUR,NA12043,
ERR240082,343538000,JPT,EAS,NA18942,
ERR240458,343557800,CHB,EAS,NA18625,
ERR243822,343580000,CEU,EUR,NA12043,
ERR242350,343605000,TSI,EUR,NA20515,
ERR242612,343620600,TSI,EUR,NA20510,
ERR240052,343634000,JPT,EAS,NA18942,
ERR242322,343709000,TSI,EUR,NA20774,
ERR240089,343764600,JPT,EAS,NA18948,
ERR240097,343769200,JPT,EAS,NA18942,
ERR242161,343831800,TSI,EUR,NA20772,
ERR243627,343865400,CEU,EUR,NA12144,
ERR243185,343902200,CEU,EUR,NA12043,
ERR242606,343902600,TSI,EUR,NA20803,
ERR243164,343909800,CEU,EUR,NA12043,
ERR243564,343919600,CEU,EUR,NA12144,
ERR243634,343948200,CEU,EUR,NA12287,
ERR243522,343966400,CEU,EUR,NA12144,
ERR240104,343999800,JPT,EAS,NA18948,
ERR243539,344147800,CEU,EUR,NA11892,
ERR244877,344214200,CEU,EUR,NA10851,
ERR244715,344355400,TSI,EUR,NA20509,
ERR239780,344459400,JPT,EAS,NA18941,
ERR243529,344515600,CEU,EUR,NA12287,
ERR243290,344554200,CEU,EUR,NA12043,
ERR244944,344578800,CEU,EUR,NA12828,
ERR243585,344649600,CEU,EUR,NA12144,
ERR243110,344658800,CEU,EUR,NA12776,
ERR240199,344678800,JPT,EAS,NA18973,
ERR239771,344717200,JPT,EAS,NA18943,
ERR243571,344739000,CEU,EUR,NA12287,
ERR244988,344741600,CEU,EUR,NA11931,
ERR244842,344743200,CEU,EUR,NA12828,
ERR242492,344817200,TSI,EUR,NA20510,
ERR244707,344825800,TSI,EUR,NA20783,
ERR243843,344854000,CEU,EUR,NA12043,
ERR242361,344883400,TSI,EUR,NA20772,
ERR240201,344924200,JPT,EAS,NA18965,
ERR242390,344927200,TSI,EUR,NA20515,
ERR243592,345041600,CEU,EUR,NA12287,
ERR244940,345068800,CEU,EUR,NA10851,
ERR244967,345095800,CEU,EUR,NA11931,
ERR244667,345102600,TSI,EUR,NA20783,
ERR242812,345102600,TSI,EUR,NA20525,
ERR243906,345183000,CEU,EUR,NA12043,
ERR242683,345212400,TSI,EUR,NA20783,
ERR244587,345247000,TSI,EUR,NA20783,
ERR242270,345248600,TSI,EUR,NA20515,
ERR240462,345258800,CHB,EAS,NA18625,
ERR243819,345261800,CEU,EUR,NA12828,
ERR244708,345274200,TSI,EUR,NA20790,
ERR244838,345334400,CEU,EUR,NA10851,
ERR244756,345361200,TSI,EUR,NA20510,
ERR241368,345374600,TSI,EUR,NA20533,
ERR243269,345451000,CEU,EUR,NA12043,
ERR244588,345457400,TSI,EUR,NA20790,
ERR242190,345509200,TSI,EUR,NA20515,
ERR243927,345512000,CEU,EUR,NA12043,
ERR244925,345561200,CEU,EUR,NA11931,
ERR242254,345572000,TSI,EUR,NA20516,
ERR242690,345609000,TSI,EUR,NA20509,
ERR243800,345614400,CEU,EUR,NA11931,
ERR244904,345669800,CEU,EUR,NA11931,
ERR244595,345693200,TSI,EUR,NA20509,
ERR242122,345737400,TSI,EUR,NA20774,
ERR240450,345743000,CHB,EAS,NA18625,
ERR244860,345788000,CEU,EUR,NA12828,
ERR244675,345802800,TSI,EUR,NA20509,
ERR243944,345868400,CEU,EUR,NA12043,
ERR243885,345875200,CEU,EUR,NA12043,
ERR244856,345891400,CEU,EUR,NA10851,
ERR243140,345943600,CEU,EUR,NA12828,
ERR242401,345964600,TSI,EUR,NA20772,
ERR242532,345994000,TSI,EUR,NA20510,
ERR242310,346004600,TSI,EUR,NA20515,
ERR244668,346049600,TSI,EUR,NA20790,
ERR244547,346050000,TSI,EUR,NA20783,
ERR240038,346056400,JPT,EAS,NA18945,
ERR243815,346064200,CEU,EUR,NA10851,
ERR239695,346113000,LWK,AFR,NA19439,
ERR240214,346137600,JPT,EAS,NA18973,
ERR240022,346167600,JPT,EAS,NA18942,
ERR243227,346213400,CEU,EUR,NA12043,
ERR243206,346236200,CEU,EUR,NA12043,
ERR244548,346257200,TSI,EUR,NA20790,
ERR242038,346275200,TSI,EUR,NA20544,
ERR240442,346279400,CHB,EAS,NA18625,
ERR242684,346319400,TSI,EUR,NA20790,
ERR244750,346328200,TSI,EUR,NA20803,
ERR241958,346349600,TSI,EUR,NA20544,
ERR240029,346368200,JPT,EAS,NA18948,
ERR243856,346372000,CEU,EUR,NA07357,
ERR243840,346392200,CEU,EUR,NA12828,
ERR240454,346407000,CHB,EAS,NA18625,
ERR242452,346493200,TSI,EUR,NA20510,
ERR243161,346496200,CEU,EUR,NA12828,
ERR243480,346515200,CEU,EUR,NA12144,
ERR242486,346516800,TSI,EUR,NA20803,
ERR242281,346531400,TSI,EUR,NA20772,
ERR244555,346533400,TSI,EUR,NA20509,
ERR243136,346555200,CEU,EUR,NA10851,
ERR242060,346596200,TSI,EUR,NA20528,
ERR244883,346648200,CEU,EUR,NA11931,
ERR244507,346729000,TSI,EUR,NA20783,
ERR244508,346792600,TSI,EUR,NA20790,
ERR243287,346813800,CEU,EUR,NA12828,
ERR242526,346827800,TSI,EUR,NA20803,
ERR243836,346861400,CEU,EUR,NA10851,
ERR243487,346876400,CEU,EUR,NA12287,
ERR239689,346901400,LWK,AFR,NA19439,
ERR243182,346940800,CEU,EUR,NA12828,
ERR240001,346944800,JPT,EAS,NA18951,
ERR241918,346990200,TSI,EUR,NA20544,
ERR239971,347004600,JPT,EAS,NA18951,
ERR241980,347072600,TSI,EUR,NA20528,
ERR243157,347184200,CEU,EUR,NA10851,
ERR240113,347241600,JPT,EAS,NA18945,
ERR241878,347246400,TSI,EUR,NA20544,
ERR244714,347262800,TSI,EUR,NA20508,
ERR243178,347265400,CEU,EUR,NA10851,
ERR242652,347299000,TSI,EUR,NA20510,
ERR240216,347311800,JPT,EAS,NA18965,
ERR242201,347324400,TSI,EUR,NA20772,
ERR240156,347326600,JPT,EAS,NA18965,
ERR242702,347326800,TSI,EUR,NA20538,
ERR244627,347333000,TSI,EUR,NA20783,
ERR243903,347342200,CEU,EUR,NA12828,
ERR243924,347349000,CEU,EUR,NA12828,
ERR243882,347386000,CEU,EUR,NA12828,
ERR243941,347424200,CEU,EUR,NA12828,
ERR244515,347438400,TSI,EUR,NA20509,
ERR240427,347468000,CHB,EAS,NA18614,
ERR239686,347473600,LWK,AFR,NA19439,
ERR242321,347551000,TSI,EUR,NA20772,
ERR244946,347588600,CEU,EUR,NA11931,
ERR244674,347618200,TSI,EUR,NA20508,
ERR239956,347619400,JPT,EAS,NA18951,
ERR239683,347665200,LWK,AFR,NA19439,
ERR243266,347717600,CEU,EUR,NA12828,
ERR243248,347738800,CEU,EUR,NA12043,
ERR241838,347755000,TSI,EUR,NA20544,
ERR240171,347779000,JPT,EAS,NA18965,
ERR241940,347798800,TSI,EUR,NA20528,
ERR243283,347807000,CEU,EUR,NA10851,
ERR243899,347817000,CEU,EUR,NA10851,
ERR244427,347822200,TSI,EUR,NA20783,
ERR243920,347853600,CEU,EUR,NA10851,
ERR242722,347930000,TSI,EUR,NA20783,
ERR240419,347937400,CHB,EAS,NA18614,
ERR244727,347989200,TSI,EUR,NA20538,
ERR244594,348008200,TSI,EUR,NA20508,
ERR241900,348009600,TSI,EUR,NA20528,
ERR242110,348010600,TSI,EUR,NA20515,
ERR242446,348059600,TSI,EUR,NA20803,
ERR242689,348061000,TSI,EUR,NA20508,
ERR246089,348074200,JPT,EAS,NA18956,
ERR242729,348125200,TSI,EUR,NA20509,
ERR242078,348132600,TSI,EUR,NA20544,
ERR239680,348156800,LWK,AFR,NA19439,
ERR244844,348252200,CEU,EUR,NA11931,
ERR242646,348259000,TSI,EUR,NA20803,
ERR246078,348277600,JPT,EAS,NA18956,
ERR243878,348280800,CEU,EUR,NA10851,
ERR243937,348286600,CEU,EUR,NA10851,
ERR244428,348290600,TSI,EUR,NA20790,
ERR243821,348296200,CEU,EUR,NA11931,
ERR244635,348296800,TSI,EUR,NA20509,
ERR244435,348297000,TSI,EUR,NA20509,
ERR240415,348299000,CHB,EAS,NA18614,
ERR243203,348299000,CEU,EUR,NA12828,
ERR239698,348307200,LWK,AFR,NA19439,
ERR244628,348309200,TSI,EUR,NA20790,
ERR240229,348321000,JPT,EAS,NA18973,
ERR241860,348331000,TSI,EUR,NA20528,
ERR239941,348384200,JPT,EAS,NA18951,
ERR242760,348421800,TSI,EUR,NA20783,
ERR242100,348467200,TSI,EUR,NA20528,
ERR244467,348494200,TSI,EUR,NA20783,
ERR240434,348510600,CHB,EAS,NA18625,
ERR240016,348513000,JPT,EAS,NA18951,
ERR240169,348520000,JPT,EAS,NA18973,
ERR241175,348528200,TSI,EUR,NA20783,
ERR243262,348536200,CEU,EUR,NA10851,
ERR240128,348559000,JPT,EAS,NA18945,
ERR240231,348648800,JPT,EAS,NA18965,
ERR243224,348707800,CEU,EUR,NA12828,
ERR240411,348794200,CHB,EAS,NA18614,
ERR239926,348829400,JPT,EAS,NA18951,
ERR244554,348858400,TSI,EUR,NA20508,
ERR244567,348929200,TSI,EUR,NA20538,
ERR244475,348932400,TSI,EUR,NA20509,
ERR241998,348935200,TSI,EUR,NA20544,
ERR240258,348944000,JPT,EAS,NA18956,
ERR243842,348968800,CEU,EUR,NA11931,
ERR242234,348976800,TSI,EUR,NA20531,
ERR240083,349009000,JPT,EAS,NA18945,
ERR241183,349092800,TSI,EUR,NA20509,
ERR244607,349101200,TSI,EUR,NA20538,
ERR246052,349110600,JPT,EAS,NA18956,
ERR242820,349125000,TSI,EUR,NA20585,
ERR242741,349133000,TSI,EUR,NA20538,
ERR244862,349140800,CEU,EUR,NA11931,
ERR243142,349195000,CEU,EUR,NA11931,
ERR241215,349213600,TSI,EUR,NA20783,
ERR244468,349234000,TSI,EUR,NA20790,
ERR244687,349251400,TSI,EUR,NA20538,
ERR240184,349253200,JPT,EAS,NA18973,
ERR242767,349279600,TSI,EUR,NA20509,
ERR243199,349372400,CEU,EUR,NA10851,
ERR244514,349395800,TSI,EUR,NA20508,
ERR242723,349404800,TSI,EUR,NA20790,
ERR242121,349430600,TSI,EUR,NA20772,
ERR241820,349444200,TSI,EUR,NA20528,
ERR242020,349452600,TSI,EUR,NA20528,
ERR240141,349465800,JPT,EAS,NA18965,
ERR241235,349502000,TSI,EUR,NA20538,
ERR240407,349529600,CHB,EAS,NA18614,
ERR240053,349545400,JPT,EAS,NA18945,
ERR239677,349546200,LWK,AFR,NA19439,
ERR240431,349581000,CHB,EAS,NA18614,
ERR241176,349581200,TSI,EUR,NA20790,
ERR242837,349581200,TSI,EUR,NA20783,
ERR241255,349634000,TSI,EUR,NA20783,
ERR243220,349650800,CEU,EUR,NA10851,
ERR243163,349652400,CEU,EUR,NA11931,
ERR240154,349662000,JPT,EAS,NA18973,
ERR244527,349664400,TSI,EUR,NA20538,
ERR241263,349688800,TSI,EUR,NA20509,
ERR239992,349711200,JPT,EAS,NA18942,
ERR242875,349716200,TSI,EUR,NA20783,
ERR246041,349728000,JPT,EAS,NA18956,
ERR241223,349730000,TSI,EUR,NA20509,
ERR243184,349738400,CEU,EUR,NA11931,
ERR239986,349773000,JPT,EAS,NA18951,
ERR239962,349791200,JPT,EAS,NA18942,
ERR242761,349822800,TSI,EUR,NA20790,
ERR239692,349845400,LWK,AFR,NA19439,
ERR241798,349902000,TSI,EUR,NA20544,
ERR242156,349926800,TSI,EUR,NA20533,
ERR241463,349944400,TSI,EUR,NA20509,
